{"cars": 0.5999999999999999, "dogs": 0.1552295443817836, "mountains": 0.24477045561821656}